id,uuid
5107,04bc51aa-6851-4636-8706-d3b7090c4643
5112,08254a5f-fd4a-4aa9-b404-5df06c854c71
425,0c9cf09f-a09c-47f9-a641-6d0dbb23110c
332,156c204a-9f5d-45dc-9d93-98eba05c5add
205,15761ce7-71b3-4691-a080-d2727bd2966e
212,1a0973b2-e9e8-4b6c-91a7-82099578d606
245,1d2c8e4c-6dd2-4991-99a9-6030ef37a879
8733,22390164-fed9-4e40-9ef1-c08acff921cb
162,22f2adad-3eca-4e5d-a946-7bea3174ef29
8643,255e79a0-fc74-488c-b21c-80bb72736ba8
8594,263f4627-70d7-42bd-bf5e-d7f3215030fb
8642,304f1922-32ed-46ae-85c9-5e0d6e40dc13
154,3396369e-5e6b-4c2b-99ee-0c7f3cce0018
4978,34594394-8bb7-47b9-9679-f4c984e76ec9
249,371d720b-33dc-4efe-ba22-6cb4999f1ffc
157,3a441cf2-fe19-442f-8b15-e544b8b8dc09
171,42e772e8-3d01-4dea-b0bc-5fc5ba641079
5021,4656e912-817a-4814-91fa-d63cc963303a
182,4874f776-d3de-47e6-a7c6-310d6094ce1a
8734,541a25f6-517f-464c-81b7-cc53742f4662
267,54bf56c5-f61f-4827-9fe3-5d49650bbf59
8625,5966b5c2-0458-4b98-ba2b-4da38492debf
145,627b2521-6923-48b8-b2d4-48a673d1b824
584,62bb8346-df8f-44b4-bac3-b0fc3ebe4b9c
153,6479d91e-a46e-48c8-8345-09864655f76f
225,6b1fa908-a30b-4e5a-ae0a-4934ac55df54
303,6f685ab7-551f-4512-a0d0-284cd6fac2ea
4970,704a4db1-134c-4aa1-aab4-6b54338b5d66
174,761c8a03-f1cc-42a7-ba72-e6f34a82888a
8634,78ba6dde-bb34-44a6-b63b-643605d0a960
5143,7a94dc97-e827-43d4-9328-d73bb69212bc
253,7c8ff158-c8b9-4d53-8b7b-0b368a709949
8579,7e257362-e600-4d24-a177-495fa61c7aec
543,82c4f35c-ba2d-4f51-ba25-dce76a94b9a7
336,8955cf76-ec15-48d2-a31d-8a0932d1569a
426,8a48ab6c-131d-4147-99fb-c2126cff6dcc
5207,99995d63-b32c-48e6-9863-cdc42879e399
4651,9ae99e20-a86b-491b-9221-605b75823ea3
8571,9f0754e3-c424-4460-a9a4-83c0f7b9e0d6
2717,9f3b8097-9c07-4039-a798-92e370f7398e
513,a042c8cb-a212-4615-ba9f-eccb9eedc4d4
4981,aa8593bb-b92c-44ab-9c01-3cf894c00624
143,aca58088-331d-4a2b-a67e-cb039da371d4
269,b9733257-c8d8-4be5-95bd-7690283acc54
321,bb5b9df3-9e91-4a73-87be-22788ebe01cb
156,c51e3561-cacc-4d04-ac0b-49b4037e4969
4562,c8b1b17a-0683-4b54-8548-6c99e529f4c5
8585,ce5be98c-f90c-46c8-acd6-b315d1673585
6571,d102ca51-5d5a-47dd-b12f-9c2a3005076e
4988,d3aa08cd-c7c8-4b36-87c9-07765620ac93
4787,d3f2e06d-7a19-43ef-8d67-75cbac8874eb
5038,d6560d36-c525-4e52-a85b-1035b7eab92b
8695,d881ddba-9098-4235-a423-31cb3281d566
375,d8d0d9d8-622e-43b7-b6bd-ab3fa2b69240
5053,e10df87f-fe38-4e82-aaed-2bda6fa0da65
4983,e36c1a77-3a28-429b-baf0-01d81f6787f8
5030,e5da3a6e-7fe7-4325-b936-325a44babca8
8670,f9f92bae-8e67-4805-a284-5aac261614f0
8687,fbfce4de-0567-4d78-9d58-6e5831d9e271
241,fd29b7cf-ca3b-4960-80f1-91c7ad2809df